msinstanceid,nodeid,event_timestamp
021bd99a47e5ba221d44b30e98ddd7844bb4fcae4d6c88060aff31de2b39361b,d909c5365da2fe806d3e1e69c3cf3a1fedbff2cad9ac24915bbec2e1d23828de,0.0
03137dc6e60983bb0f7387b282464948f7691efec22a0bb87306f7ed5a2d1f9a,ea372d20102def24f6aaf98e304c5776dc1528ca60df594512f66997781e7a8b,0.0
031f4fd585e0c10cda77c4b9676eb87436839c1d97651751f657a59f0ab6f0c0,9f5a957ad0bb296449e442f91bf1cf534dd9c2025a223f56b39c725f6c0142a6,0.0
045070c09436048de2c804804c3d16a6d4d9a31a15c789e3d0aa557a36f9a106,1d75457422fae4785789fa2825f663cf42e60a1b880ffe665a6b5c59d1084e6b,0.0
05e01466ad5330cb6ca9f6a54b90f4475e6c1f10a229120cbe4e019de9702149,76ba1238916c25329fcc802de9dea44988ca65c2da00830f96c5c72e44f35d6b,0.0
063b6d193216522c905e25caecbcece986324989bd6f2927d050cbfa80dc69fc,355cf5681b4e12e822358598ba17568263551dda921da05dcb34af9c15c63272,0.0
0699b15325955e8292f3557230995412874ebc4410ad9869af665d0fbdb31f1e,69decd4fae039fbc414fab501b6d6dce3710d60a8118e8f7d73c2418c0787e0e,0.0
081c99dcb83fa2b1206831845a4f248f8c6377628070ea7531322fae4057e8da,3c6ba5b155e92523439f262fd023e2eb2cb8870b793a804ba3eef90a96050f3d,0.0
08c9f17f583f7092d908d06752b11fae68236cad97a4acec455974d8815052ce,200a73a2a80ee323dbe8d012a87ebfff8895d07ba0c742da484db5e4980efc88,0.0
09a0787d68f7bce97430e8fb60645fe6f05de14504eafa797d8df21d2e792319,2a2b6ccc6c616ee1a80f833508e6ad151bc26c058694e39e7fab8dbfa2560a64,0.0
0c9e6e54ffd6e1787df32653f75fcab3587db4901c927ec6053fc01d6c7ca3ad,0da43fcf4c00b535c8f2e24b7a10d6a807f8c28c8e3bfd3f2a34ae5cbb75fe33,0.0
0ccb09d6e5fcc7474a3b2883249961a4f27107984c9accdcab8c86a72ce67b71,12304af2dd434f6128b1afa7dff97c8290396faa56603a6671e91305fba27554,0.0
11bf6be0273e17185bb26e1b15791c008beca75f746a2f071ef7ce62150277fb,cd9776583789e5470dd3e8579cb4b60b57cb72af1f0a0d817132c80f8ce3e71e,0.0
12fde2ddbab43ab49ae1168cee9bde6c66af7e57d9c96dc274c7edcd65f8b613,ec1b2071978b5c8e4093adac062b15a51914b71cbc0db163ec6c21b785101d27,0.0
131d75fbf41270031f66fddbdcef2a376e556f540265df5216fb54d6f12e4648,34f825e25cd22d0fef2c08ba02269db063fc82b838dc29d7b3c0c6fb29bf519f,0.0
13ca163e935fea119d28d323921b03aab7fb731aa70204cc41d51e731f333083,4142157c832a932b1fa1d521aa652edaca06503abe89c743046e65f2814b9935,0.0
13ea0ab40f2cc57171910bae84a42968ebb1c72349e4f2b4ff2b183d07128ffb,4ffa6ee0ec193f1e6aa95817ef50265d68045d9aff4a943f6f6a17c0a917d23f,0.0
1492987a40928f4ad670d53d413f862b328ce27a7bad2625577c1da91db1c84f,9ed955f3be565dd39e9267924b82e7fc566f2165a19728587d326b2045061516,0.0
14a63f403c2bef36b100e1ac37cb5ee6193e4923aa0ed43c51ddcb580bcfed5e,d60d7d9a861b95cc5b4447295243c24c6def4048c4a02c829038e3e9c289230e,0.0
1529483ab0aaf58527fdc76f6c297ff020a5deac1d964586ffc6456db6c56375,ed768c4ad77e72bd73d64748ae6fc44295a6c82c8dedf8cbebb75919dd603e9b,0.0
15378c966a663932461c1caf1c5e22e1bda3289ad08ea548c4e8821497a49d11,fd345f124d0a7b1fb8da02a07062f93c5d11f5b2cbd4fb3f6dbd5414185687f9,0.0
19a1f2bdd4c70dd3a8a86a1d63a2cf49f63bbed31da079eaf00f10293b947730,c77adccf7e430c7f1b06874d35ac53e3c1cbc651e0a6d861cd93db1a227ecfa6,0.0
1a35c2e544b36d3a68d059c77adec871d5944599064741bf2e0ae5278f989bea,1fadaafe63b9e94f167ed16a2442b8f96d33ec3faa2173935d162b86cfd21175,0.0
1a848dfd11b2fa7b5a92a3d7eda926b1e969e796e0a472587c14a2781e9ae42b,c2d84d4356e98e2b277e54f5d2cc70e477642a7889c32b36eb1b1c8dd1fd2300,0.0
1ac068ce987a44a02729c88a50b3888d2c77af4a37be93f664700a455064d6e3,c21207226e8f324b76d972660dc508115ae98183f03a4bb8bbc2d945fc035f79,0.0
1b19f5c9f147b65fc706de40d55b05b0672a2ff31549065d2c4bba8033a046c5,bdeaef77ada218083d66f1de3a80504af41b0aed5f8b0642e4807681b690b3c9,0.0
1cc2ff2dda8c3f36b9698d4b89fa322508dbd516bd058d7c8ae216e977b944e0,7754e074ab086778cb501a2dcdcee54dd0d98959ae74c392b7561cc5f8638602,0.0
1d07e804c0d718bb1afcdd56705277f82d9b8b8722037bdd6b8d91e801323fc3,092ce7ac16205f7ce299ba4aa6a65be40cd4ea107af3a18c38f042e3f48791cc,0.0
1d7cfab74285d22954ddccf64db1126df87bf604fd1e5175023380b9b525a9c0,29895192021f70696bab9424b72c3ab1e1b6664d7fb13081f2bedef38970d07a,0.0
203ea81f8b018c938548e137f174d115776b8ecccec850119ea9b974bdac83fd,cdb203bf1c2a1f70ac93d5f55698d842d9d753e71b1e09b8fa6d44564cc232dd,0.0
2177ef0f4117418a72a5ae5d5023c300fb0a13fb9891305951f88bca63700d67,82a277e9710fd35f79476055eadb9723c64131eb452e1e335796cbd6861a21db,0.0
22058998333de47f93baa2a7d969328c02b11a499f60cf415df63d1b6855d9ed,72b08c2c62090c3f667c86bba31873e577c0b3d1c07d25f36e8d38d71306f5b5,0.0
23cd3b7d837cb1de64d4559482869888112002fea43ac5b69ecf3d61ab0eecc6,b9020f1aacbeed395cc3ab2ccc2f3022ff500bda9ff63e4fa0cfe083d8a97a9c,0.0
24f103f42519d202371aa44eb738154644c7cba11cf9c6b77c1f6294f224d4ea,ff253efe76002264fc266a1ea84aedcd11202736df9dd9b83e2773fc95792394,0.0
25194c840c7d3c9fd0d7b52975e4e31c721b9f64c40be6a67db877a9cdfbb47d,ffb5a625924945049d528af54135361a7bc0f1a14454bf40b7163649264f85cc,0.0
25d7750bfda8d288227699cf77ac365ceb022ad567bc5d4cc981de4815fdedae,482c1d99e3bd0b09fe4297c5502db44d8e746e1c131f851b5e8de8a9622d56c5,0.0
2637e8ab5ea75c7b2b5ea048d66c06644efdc44f045414e816b70544aa9739aa,60673dbab7a35d465ef81a272ef497b00a497a711fd662fc77f7a1a810328e04,0.0
26e248055faddfcc83f74d2f6bdef2eab0cd30ecb7b6e911f9c000af544fb0cd,381847db3ee160f737f5427914505f82c00e165fd629611d0dccd3b86c1942c6,0.0
292df7f784b0ee5125639d1c65bf56a676beeb4e80a62e1eec718142adf3adf8,259d9a5f843a69f39228c1dad62de0d982a0ca58af42d86c57a6c7c6e3c15284,0.0
29ade145419e29009bf56067a4b355d6114e1a6fb303180720702b86fe13f563,d6ba7114024b72ced0a47223130b5829354680411009854418992aca00a17361,0.0
2a00861d53448aad8c3b7e6dd1511c0375dc09bc87bcbd6b77b2f21f9723603a,d99e5c607751aed86a4afb335dd76032200fbb870543faa7da244cdafa3d63c4,0.0
2aeff6b57f3ff23c13e6c865ba9855d19ec8b5a3b09c8e38972b11dc8b03c758,c97beb8cca7e7501398d595f2b5071f76e51cc7a9caca0c5fc11e7dcca50423c,0.0
2b501a6e0842a9e90bed4d394f1569208ccf6366cc6d9ffe3151f724ddb4dddc,9c68d55691d8aaa5f43645e7c1b91d4083638c63bcf084786f1e5dd80970a4c5,0.0
2b8ae63d2bf035791c862c601a2d939f9b39466f97273c3be3eb38a22f2b07c7,0d18c3bf74a2be3f334c30797a3940b2e644f537e62a71ce01dc7e7a50f01e0c,0.0
2bd694d10e257b7feb51d5c811e94eaf5506901c7149f332e848044f48775b54,c66129d60351f7e3198d7796866bb6d3feb80c17c1fa8d03cf5cfe7f625105de,0.0
2bde0c35d6cd635499647bfca739b08d2028315de71a675d8e106b5c4fde73a4,f0e8df82bde63ac853dc3b9776fd16d64b10c3b1b4af2d46ef0cbe6b96708674,0.0
2cbc63c725fca1f448b686afaf5e4afae0b76481b283f5d93df93244c272d9f7,8155a59ed7deed8d34b2aff0dcb9b06dcaae14b204c2c6e7e2f1dcf8ea96a940,0.0
2d83460bf7427338c348af44ab7889bc48991e59f1f6261575f5585391e83f90,bf9a02b1faa8594956aac7d93fc7b63f76dca08c4553a97db456051f919cf65d,0.0
2dc9935f4913553710b4cd08c6deea277a9c6390a24d9bf997bac76e7c226cf4,b66c153e34b5748578da0262d117e18696df8b5c8c85b4b756e7f7acda4716c0,0.0
2e4bd39177726d6034ff53f7156f7f12f863130731794ae4ac725db31a5acc0c,6a6fea4347327a0835116805e591ce39770a33d575a0867c0a68f4b9faa35b56,0.0
3040c8a4c58de7b38729918b9d8f9649fc51838e1217eed5ab7d7e05b8cc61c4,5f30f60effec4f25c0049f29be3f92327f33c1caf0305783f91beba1a70e5357,0.0
31070e7b840b336ce4a98e79c21bb12337f7d5e36770e91de047bdd246960fd1,5eafdd74d7ffeff988b758384d49cec09b6ad6293a92a1597a8c3914273e0102,0.0
3155cd426e0625ea3296c164e71549de80fba0ede51443953b4eba65062aedba,0aed8936206a70e9826a472395541e792f2b227a1c631e79a8cd25f2c22a5110,0.0
31f5491e6ba92bb30dcd7a84d9d7037898ea6d2609a759984fb2aeb61f7b8fa1,4819983b87366430573627063717f3b5436de545bfe6dc6cf13cfb15833e1ce1,0.0
327467257772f31a7de7be03fe87ef2831db672338b793ccff754397459f8f5a,a5f8ee547cb9c3d01edae8900cbbf7f097038be11189fc77f3111812aa8dce46,0.0
331b92f68d459ad4157e9f280f321c5d90c8d4d0bd6325993fd85f0926a3888d,a60f8a06d1d208d61e2229d5e7880a09585c60f5190439fc7f09de9d93a418c2,0.0
338d39dae099e9e840a3e3e65766362153c5659a683bf6216e2f865d31b67b21,d9c566c3b7586431e4a82e9309b387cb0e131df03cd9ba708a01b442f2d67879,0.0
3504606b909b14cedf002def876d1fe22b9a5c61027d83f5b355ae6ebe4536d1,76c0ec20527202ad7defa1088d9eb61b81d4a76bc50bf8b687f5a460610d2bf7,0.0
356bfc48bd489bfb04d1a8a098ccd2a7487f0f9363a342d2ad2f82b477db26d9,e680a4012ba7d1b846f69a562f24eeac8c5cc3f016e11a6eda595b1757ca684f,0.0
36b05e3c4f35ea0daa52322edca5500bca81e978cc9498ae04b76b007c058225,265264f2e3fc2efb66087bea88eab99633953f70f14f5d555ea1dfd5447025b6,0.0
37485102ec53cae6598f158ef9bb1a753d5e5d102c697108b841b3b7a8151677,c36974eff85158ce299743656ef3b47269e5fafed8506aede408612bcf542aaf,0.0
37a2cea592a7a6f4f1ebf43bc076f09a72ec6666648a49186a369795b34a6018,73afb99a5e2cdfefbbf8c62b401125ec9c2215743fce02c7e780fc5bffc0c01e,0.0
37e1f742fa726fd925efa4df9bf046369c8ad0afe91fe3eb526ff3367bf45f53,a163a922408d4bbb5138268ca91c66940f6f96709cd63ab9ed488f0f507039e3,0.0
39bbe92851690521161f533706a8adf6a2114ffff8b0a55ca668d330c94f8287,ea917b0ae2eed957ab9bad6a623b46ec5bdde3ad6316e973f4d2c64dd832e09e,0.0
3a23ca16e51267fef7057650faa7111b44865585d09444e613cf6c6867c90a62,5918eaa74054a0366bc27555f59f88c922ea0bd94ca6b5bad80a91726b84cd68,0.0
3aa087b4c28eb4c5bb07e234e9e26933f42d32d3de12acf755b29d4504fd1cbc,02b8f6dc91f451268f87b1e0cb69562f98d8302ce529ad97606071c9c07cebe8,0.0
3b9f629569c1b9b82e86c42cace8a4e3827763d3e481648b3e6f60a505a5991c,be0cfe9ee184e15796184f55397cd29c7c3770a764074b622ae4d47577c8d6a3,0.0
3c221a9465e6e83fa5b4b7db5f90ba23ee5287d15c1d4c46baebe201e30f9b7e,30db73d231ae215fd488465c9086ad8c714ec1079ab47a1cbea25a33d1befeb2,0.0
3cfc0b316477e92796789fa6ea7ee615a7170a2921e17a373b0b6fc0a0e33efd,a4fe875981908224a103c4259eb3d1af3d78c65ac1c985e928579b14861045be,0.0
3dee361b0c0fb8a3e4faf2cb90cc7685429c01a1a3854c41d23a796e7f22070b,45391f0196997370717d6fbab51f94cb0362d40ffe2eb15716c4a430b76c0781,0.0
41401ee17c82d782f737d35fdbae3e8bc886d91e1e5038dce92ec33a9a83d34c,08a84c80bc3eed3337ddb5109726ad7ddb4470caa6ca7cd5c281422c2fd494f6,0.0
41513adde80c92739b9eb69b42f90aacf6d9b469bee35ed57c7faf3ae63e1aa6,a4cd2f3a4b791a37e7618d95930cc4f4a4f51eac7ed110087b7dea7bf16cbce0,0.0
41670cb2031347332b05a96a8d8a736ef328f75c222e03f120135352daad05ed,51ebd8ddd87b10d32723037eaa40d0165a149da440e13829fea558591a600ffc,0.0
41f2c92ec288b744b957cee7a695c999de00e7ccf453fb7b8d4c4d109a623531,919419d24273f174301f7ef8f4d26e9bfb2f24f8ce129bb46030ee634b9574af,0.0
41fa38fb88a16e0331bd39df058758bb5e4ccd5977e98c25d4142f8129c40b3f,09d954cc7747e0065cb2101944dfa0c239adc1f740eed88d7a88ab3c7fd25d28,0.0
4362916c9eb6e0bdad058d1936447f7a0491b7ae4ed14360f794a29ad50f80b5,8ad968d5b79e595e9260c6f90450b531c85adfe91b6444da7dc5b662c1df36d9,0.0
43f418734c790e1bb8b236bb4b1609078af7951954e3b7eb21df99f03cabf8d0,73f88ccc6d45c3cc891a94b4494c4716694a37890c49945fe103e482c31a644f,0.0
44a4ca01bf759486e34f614f9e0d5679e9dc57d0381db0482abca88a2e714468,0b962910ec36ea94d00c35b4360f2e77f52bc10f3451f29b4fc97ca408352b8d,0.0
45d55c885a9a7d62afb41a2e26be3343e5826abcf433cb1fbdb95c4d6a802a48,2e2be5cbccd60c93d1daf1e326ba173b1ee2c82db7fc16d45f07d3328d36c185,0.0
4709ffe9a75275b77d43ebf2e69487b59315a0a7b9a20724ad866e8594a21c12,1c0b5180c17f80049a46a858544810575c17bdb04d75808ccfd2639ce5ae73bf,0.0
471ab9d32634308c57c3e9da2b0683c21a3a97f9c3f4f5b1e74f2220bf252cfc,f47be888850de7a4458ba04df14b60be854cf9eb40f19d9f8d10cf658f5988da,0.0
490e71b0cb5b9248fa44dc14763d90eefa144d071abefac400f506a94ef85b68,07d5d9fe82fa9f3b0d18f566b69d73dddb77f1035b4bcb68e0a79c69e659f208,0.0
499a3f061d67de42e56243260d2c9705201cec3bc3cfb75a301e814f38522bfd,e331c9f04e9eccdad811422f4545a082135fb263e0969dea3be00158072be67e,0.0
4b1af0683fdfb9235ace578d1513ab6fb119cf33208f06aefff27315c127fb68,fcf916f5be5f0d599ebbf59cd42cd95d7cdcf5a16e07415864bb32e58affabaa,0.0
4b3ad8c05020fc0039d00a6b01e4ca1ce7545649c63432b54dada46f578cd203,4afa1da1e1c9e6df60eda6dc55ff0963d1bfdf137f438fe7372be6ebf93e54a5,0.0
4c4586b893f42cfee70532b4e7e3d7cd4688bfa465f32f057eaeaaf9e2b3b1cd,7c948f94d29f5b315ccc295a1ce0608e99a138903e0fa6fe4ae1fc45621ee1b4,0.0
4caffb91310ba020c65b41906c7eed86718124969d017906c52ef6ddf00db841,ea917b0ae2eed957ab9bad6a623b46ec5bdde3ad6316e973f4d2c64dd832e09e,0.0
4e17c6abfdab406079645814ac20b6e2ac36b3397665ec10d4f035a7115a7199,e42fa54405b3509722af4ba3f2323e2ba9f4ec544eac14c7027e0764ba25587f,0.0
4e481311eb9f0ff9963f2916641e33a87c67f00ae088b1541c7d927ae5d72dc7,0d349d0712bd7de2bcfc5cb5e7bf10872ef4c948fbe8199d2a269259b4ed21e6,0.0
4f2d886c26e616f223b5ca6bd154e1b0fc6558e02ef5b857712b61afb79105fa,6523024332097e29a7fbc01206ec85aefb92e320dfb16c89ca5ba96a4d11b03c,0.0
510b433f8c00f7765074c7407e3c0b075771a3ea8b718c0a5ff7115ef2ed3a50,25c14851a79d14e8b1f3933e917e71c7b3ee0db8b48328a1b1dd9b3e4f153708,0.0
522a3e3c64a141771981f2c57ab0cb37b99a5841436be95946366b9a44704f85,a54a37eb039634244444ac9361336b4fa8cabe41c20deccb5a10515a17851d0d,0.0
52325824dedf529c6b19270c5e4b6c6ec72031e6530d3e293a3d07a4751e89f3,dca584b58410a7f7a04350926bcf362477948849ef77cc35375195561fc569f7,0.0
533e32708198b63fdcd6a0aa318c5e1f06dc7b72ac9742e4ceae9e1282aa531f,18271ed7a81bc776be3026a26fb210ea747479e0342e2e7e4268cfea09803bfc,0.0
53b0a26d7cf964dc897ae997597734731ccd73a736ede115d721ca8e3d047117,b35a448d006407708f4d6c325fc326c84820ebb0bac1bb516f30fd64a9703d25,0.0
53b11101e8926441c87b167d92ab3ff0e92ee55b1cb946b943812313eba97667,ac4ac3279fb6429e7308b7d961514051e227d2e4959a53fb70bee6054f291e7a,0.0
53c709ae60ae6b45d3332cdd296e5f4d6c76e23d85b8214ec9bebcddef0bb22e,a6d36176098c79d22119765fcb68772ace0aafdf5bbeedc86af8cc14c390aaef,0.0
5494dfdfd857cf204073ef81fb8e6904d465f29eb05cf769225e369e933b23b1,58db2e5c0e633defebd804f918588b8511ec485b8b468be5aa2fb8ad9cb80b4d,0.0
54dc11d3851f863c6ed57600a322d18488ade75744b58fae803c632136ab2ff4,4be7f672008141af7f5ca0a6d87b10deef1873a4b0aa9f072a3e9fb37e9ced64,0.0
553977d2c7f1391699c6283082765f1e6bf27fbf7c77bd104e07737870c65ed2,e0730808da2aec29025c005e9dd9b18d1dd5749ab621fb3a78a256b8102fc28c,0.0
55b0a82505aad8ad8a86f4f77cad037b7a0169522182aa49e071a16c454f4596,55f433292b42ec58c19b669d043982921162c80273642a72c933f2c3b6e3a39b,0.0
57a01a8c6cf540779074202e203550d8efac5484d5272d9fb52f0ba1500d5998,716a861b122062fa10722431875d8dd7b6725c5917dab479bf4b665d0f9e110f,0.0
585cc3636d5f31227819c239660f78d41adcdfdb8b854dd644cd95b237708fa3,b2b7a28e634e00ad2279154941f5eb26baf73028b9a2a79ac643f8e8863cbc0c,0.0
595ed5b6efd5c65859447fb04c18306e7951ec56f23ebcc77dd20c20848460b7,a40a15faa3ff94f1b41f5808ee6232c2921a4cad3c0d79b1c3bf69e2d1314832,0.0
5ab37fa976def5712e144b6bdc183c8b01515ecea86bfa3c962235450b2432c8,f068ebf5a415192ec180837a5679b713bed421026a1be945fd82aeca1eb1610b,0.0
5bbe42d5051aa60ebb990a4d80673d41999c906b5757580513ab4e527d35fa54,f92059f09afbf31c4d84485fe85fc6e1c180c5d873223e22e88aa63b860ba848,0.0
5d68dead581040730c9948a374252f46a45d7f556d6e3b731334a51f6ed4e163,a9bd6cf99b72fc52be899f04624def12f05165bfea5a36fba2a9755ec1172d7b,0.0
5ff88188b0164db056412ebbe49ec30b3c9b1678183a504dc97acb3bb09fffea,6400ec397f652f681297ddc1a0febf3f0b7f6ab93a2c98b34d728929e43c4c54,0.0
60ae83674fdeffc590296a344e35bcd4a359e9a73e4a95136a496a4613a6738b,c2235f225c168ea5da685975b160fc4baa5512ab05866dd6eb668dbf7506bc98,0.0
6186ec5566e84ce38367db696b70481fe341078e4bcaaa4f5bf4c01a31ce9fc2,e2e34a2e15af19c3392811f6dd19bcae79f402ea2ee9efd789394b3393a1a20d,0.0
61ba1c657b201081bd86bbf1eda91fc2ae14f7cb111bbe70e76b7e6f1c6f7007,9f89866250f570310dac50fb4d4b80417f2645fb2dc8e35908724e9a39413fe7,0.0
633ccdd69c740fb169549db933bf6a45cb48647a5805bd8d4b1f265766d48eee,140bba9d10a158420878488a3a982f264e6e20c7af14ec23f7151e75575340a5,0.0
63d5fa7556091074dd180f45975de5e6f782369e5bb192fe0fbbab0143a2d63e,a93b6335b6dec37572f9a8bc8d0b28bea428bc4b60c32abe1eeade1ee0248842,0.0
641bde66599be9244df8a3e9a50ef4215185adb28c5884b64ee28c67390781d6,8b03b0a4176855f13859cb3fff54cee8047b4837d8a74aa6de29df12a60d3ba9,0.0
648a0edc81a799ce562a85f9d4733b12304b002f3cc33be8b7f588ac6030bed1,2297d2945f448cf732ac11dc9424a6f62e532045c62818374258a63a6856b218,0.0
66e28e74d5a619bbff352f1ac852d1ee5bfef62f8cf68f58daf4e33e5c8bdcbb,feba9ef524e53886dabaadfabb48dcc51f5d68f04334a08b64cbf0d60dbc6abd,0.0
67c0cea856962cc4f41fa749a023827c4cb77fe44f07f192dbc8a474f3fed27d,c5937adb83ab27c81afae37c3c6b74e1afa84c2c92dd05a7a8777cc614362f0c,0.0
6923234cc387308a6424ccfb7cc4d707a580fe485246a44df19c1e435ce1600d,c269521226ed5b47b98778df02b0651319aa3df14784f866e689b5e03ea532be,0.0
69949b51a4fc045ee89318e5522e66a2c53d5d311f7e491e16307b4ad4573a71,62cbe885e8d0afe5d4fd5da671473dcba5d9aa1d845d393d8374bd8dc1d1a69b,0.0
699f9bd2d5c141128b52a9194952cde2ac03effae519b30a807a9fae4f306e0e,719b20224d52d33872342881aaabf302e591fa43438090dd040de6cab9ef40fb,0.0
6a40ccbca99c7cf394f2f7221dafaa3172e8bbde9596b1ac3742f6ed1c0cde6f,758d778183304b49ea56c808093e297b9c3d0773192e134e00a1bc65a870152a,0.0
6d7901303c184e50482a2dbeb6b4ff1cc7aafd2a889d6b41e1e383387cdcedbb,c9d4c05cf976311f765a7a46af3f5cc1572a3dbc846f46ff3e7f7ff100596309,0.0
6da4e40ce3fe79c4c44d5d44fa345f692dbffce564493e5b6cfc834451d956bc,2709a7fb34e24313dcbcb15d76941f85dfed9e91835c427a7f002e0a2bf9d95f,0.0
6e28aa45ed00bc6995f044be3a0af218c6be32db4eacc68108506c925f935ee4,43e8d9999b19e68c1bc12282c01e64bb99467eb4d1f7584884f1afa9af3e67b1,0.0
6e7c2d28c8a7798146931ac87294490e669d2a5316b8dfb98d9030c5dce3c0b6,39b02dcffcca0bc000a3feed98e60ec24c31a53b9c7d5db5384bba6fe93e5f58,0.0
6e8e9066aa23bc4e22a69f7ec76abf1b8a88588bcebe070b8c8f0b465bb324bf,c6c6d25f49d4d8298f7262dd207e2c0cf16374a931d7992dc94d5f3a3faeb78f,0.0
6efc1fd0d4d63083fbd600441b44148660defa01fd6f2cafa924bd397436398d,862b2203673738098d40ca47b4e43a48e4576152e84626c8e2891d2d1f04624e,0.0
6f99d565487896e7a3fdedb9285b5f2def3a4b1232e2ac0936f503abf086b022,976f48fe84d23ed16d410ba096c7a0095f881b473fb28fb6f919a56f23e9c097,0.0
704243bbc2d89ab0a63b2ae1fddc43c73e669f934687bcd4abcc19d99c009283,7d9eae1e0bfc218388487a88eb8cdc591e5ce4d85d4135982a4012c21d1f773b,0.0
7277beabf08e74f6f0f30deebe63638035177babc1254a24ac1a3801c893648a,2353dc82a060ff2f0feaa4b364c2ffe19242aafbda5250a172b289d0a4190ab3,0.0
740e0c6ad0f58819266a1f701bd858a278260319e0595a43c2c8f884659069e0,57d0aecf5d8b0636b098077792eb08e7ce4fdf4fb9ae0d7ea39a851005824cf7,0.0
749c2029c422430d342a9c809a907c716d58f2ea7d44cdeb78bac76fe4aa84d7,836a468bd6caeb26d4b4a5ac3de4e2702fa18fc0b5b48c1bc9025a42b0fb149d,0.0
7693c1f8a1c05944e6eefa6234e0991f1b578dd378bd81c66b825deaf52829a3,a4ef0a41eb1d0e557b944c227a75ba8b02f0ed4fb5bd35858209eb0be1a693cb,0.0
76b27208dc81fb992e6551897460dc12cad6e01ef4f9208f481d0ddd6f91f8cd,fc40d53d77b0bb6ef0927a9d23f9f918411ee98d3607e381a995933872d91969,0.0
76c71ca57847cfc9101db323189821cb20dab7a507febde0affadd68d180e1a4,e89ef1de31a58eb6e52696c94d86d9e122736df40c39f58eb11beb209be21303,0.0
77ddd1e9b0ebf3ff434ff5b77ecfe779c83ffc5cd39009915ed03d84764692ed,05c9093d85d900995d347be5d5e9982e0bbe36f1bf4002863021debcae2966c7,0.0
782a70b2def1a3fb0b7379cfea6565a226ba9afabd63b82d8223364f99be6bc6,15f8868c1228b15c92836de56f4aa078a583a501f932d551cc0bd7c304eb2250,0.0
782ddbd408f49ba5a551bfc972bba9edc70e37e27655944744d190c84e355f4f,0a049267aba5959f3eb1d751c0deeb5ed6a2900ecbec647a419db0810701b656,0.0
78a33c5c6c9d3e4a2a27a8682270a02e67b4465da4e4c53e199a093b58a457f4,5f11ed413f95c455adf88cb1bdf11375b9ed61b2175331efd47872576affb0c8,0.0
7a640f0a17cd0321fa4cefb3861cd3f8871efc7a62a4eb0be4acf1d3dc8ae9ef,0c70fd98468acfaa9f7ba783c8b90e038b222c48ad07ffa9e1e70f1fe16853ea,0.0
7b1b9bf425dcdd18873870a864b99189c86947ba71064d6ccdfa880e69893a39,f0de84cd9a886f4293dcb8a94d97c9e878e8dc55008783066530771f16538c1e,0.0
7ca59c49bc439fc33d8b2dbd54ba2899bb0b94a207622e0fa0a3cc3b2944f2fe,49f656a906630d1f18622536b6c0aa2bfdf4a986c195214c8edbe43762e845d3,0.0
7cab51be2011b6f0230796d02c87db73e3b9e83123ee25ff7951805c30d147d0,b3639ae45360faa9db4e44b5f36a75e5317101e0bd31c982b34239092a3514a0,0.0
7dff3611d04b7f223a0fc3258893ab7a26c0417266e7c24e026dc996874d487d,917caeb6dad01d826f35739f7b3bfab79fad8bb3172fda79623cb4893d92411d,0.0
7e8cc754dfb25184f171b4955bebccfab4d65d83c539eb8591e66d9f3238908b,f5ccdd70bc77de9a5f08c18ae4a60a75508bde0bd79b8f645f5c190b8f319c8d,0.0
7f72fa8f2419a7e745967896162131211e8d3fc379fb2a0e760156dd37ef6225,600449a03e7b4049eeaabdcd407fd78821d8c2f9b17283314fa4cfc1be3d5eb2,0.0
801f874cd852c67fa01af8a31e75c6f285a28947b1dfd507358330843a777c28,427753a95af5c11d2e6bbb5b209410bb03f7da7f7533bb802a8c74ac39af7b05,0.0
80d7c808456d06f9b61518060ca6446d5bdfcf3715333aa74dd31d85432d2b18,eb587821166ac400b2a86eabc3d13c0a106c35dbd8852a993d3888d50ae42961,0.0
81668a3c717ba6b4d2f4b9789212fc44c14d2f01e4e645772f8ff5b218cee444,fa59207b3e3e651527c9baad7a960e150aa317d4de83d29827c3c8ce3172d08a,0.0
819a2939f9958259cbe46e89758ac347e1ea2394197027f88bb027c5bf137922,2aff5df3a78532868fb76997cf3dc8daca60cd2b1eea4a748b32b4062ea4e375,0.0
846d558004eca6fb9a0b256cf33f5a60939e35b55720e967ac30e0a407baef85,6768ff0c75d77c21854b391f0478791c012a672634f761a859cd34bde1b55ab4,0.0
863d677aaffab7088addd5400128184bf65a868ac6c460d2953e1aba8c924b42,8c3c9b2c5af164eefb6a2007d965d210cbab6fc814e0f87c6b8f54aa268761d8,0.0
86a50e7220b507582f6797f43996f0f00eb87d6d0db321d2b2dc92ba5eb92c88,f41512e9f3c9567b0c14b85a942d97004b99466ddebd72f8a18596f3f697ff17,0.0
86ee069dcd6179ce34d26d35fd52826b38ff6134d4ef3f25249bafb1a4868a44,e31aeeec46e353dce52efa2d63a2015a2c8c0081a4cec1ee5dcfabe6da19f97a,0.0
876a229020a418fc7046400ce4c0e0f6fc7fcf5e7a4b25beb23f9638850bfe4b,5c83a368634e8f9a47980874836cb322453e2519d0eaa59fe375c031d2f9f518,0.0
897e44c180d9582cbd2795e1ec24c04de95adba2ff4a1103b39ec8539b71c648,2c6b405c935010c6f3a349d46c69060267e74be03d7245a92ba2a55749eca187,0.0
8a5eebcdc752979d6bd2d0cca58002c49c3df0942c2bf18b55b59ee5578d46df,56d74e26e3a7c02ca18d4a1315e90be3ca721f73975fa42438bcc0e81e6a735b,0.0
8aa0930acc3185dbb30d36bccfa6c097b274a4870b623bd5f292eed68966023b,84e9b352d98b03221e8dd0acbf08290aaf28823d33b63db66f174dcf5d2415ef,0.0
8c5a574e31391b8209a3a6e9e49a5caff08ad97db756d5bfe3c5734308b16a19,bc789116fbd811284e69197889e19438ccd7a0c814e2aa4a33de2c64d45d431a,0.0
8d588a41c032057ae30ac46f2ae4e7e75cb08edbda6429064ee6515dedea21cf,c3835a4b9964bf1b1130fb5ff626012d2de9639bc86670907b30a480e7a44cd8,0.0
8ef5cf7f1ec5a33afee4bd65ee1e0dc54c8428469b3361bab6df11e3d0f3388a,e1182ee14f9d6a0032826beb8999d217f30c2ded27309e9d334a1026a83c7cb8,0.0
8f62a8cccc6a55d07f1d41e2db50ca9584affb6ba933e5be7a82d37b1853748b,5b2f469a43dcaf226db633fdf6361ccfa0494e87d3901e447311fd5cc91352d2,0.0
8fcc0b71c3ee80468829a8bd80206dd51ab3f3bf88b1de62213fe61357437c6b,df7b0070df385e3d4a41dde05f82c4703254ac5df313e6f765f2a710c5d8e8f1,0.0
8fd33a97562bf28b2d01a236bb3e3ed9e9d6d03dc337c5a09c8aa0182a102cb1,82dfcea103966454819206f9c47133ddfd75924de26f923a7034418bfc03f93b,0.0
900f88fa25ead40b78d93c9a24ef66049a5836651b82b52a0cb7bdce2a568ba8,983dfe22d60fcda3bfd5f1ed14f94dc8d1055d66a03ead851bde94432b474c3d,0.0
9220bf45d8b70fb3297318eba734fd1bfdac6c165a467e1a9171a1611b304f0d,9224ff02999f3e2abbcba252e3a787ca7fc59942ba99f89258496b2a04a8462c,0.0
92cebe1a5dc6691d24b8952a687570fc4c13609d992975f0015df19be057be17,75f19c762b8b6e3708e91aa9f2a00693a5ae200a6a9f09cf1fd5af5571463603,0.0
93718c3abfaa500f21557ef0c0003a648f487ef1bb25bc35d3617ad077731b42,39d5ba8d0f2233fbbd07ce42a34ae21b4fae33bbfaece76792de26a5d1b1b7c8,0.0
945ccb402b4e816b55783d5884e2fc95dcd832f35f345cb73c89acf0737b67af,f2a3f40a258fd7b4ef83c71ae02f0d8a187bee32a9e809c918c49cc4cb6eee03,0.0
949505b22d51cf42b4c4010c552139610ff7d3337fcaa0c0bc259431962213fb,a414e58970ed7283760892916a1e8072d129006f2d450eb5eba35c16efbdd98e,0.0
952007e52a53e5a1a911ae76e3f710ace5107b5de8c82928e8cad736705c6170,73fd05b90d66d699b747ee7869fd9b6b6ef7a8077911413c0306469665c20bc5,0.0
954c2bb3ab5a26a3a295a6b09f54aa7c5aac12d26d4af073528c20db109b1998,60d6e865193421c027d8d93224fcbcdbb264b679295206e52b5cfd4c1ab31f29,0.0
95e54e94087e87f0d2c4939d2c887e3cb777f57e40c1dcde8949d273eaec6a24,787d2b5b567e26f877855514a036a76a1ebca896ea8b3778d44c5862a4c6bcca,0.0
961343e32111ce08d726358d765c2733117c74cfcd8eda04b6c8d85cc1101ccd,8f15a89587cee5dd986c5937b9e438283de62df0d394f5ce3c2aeaeb61f9141f,0.0
96cd635aa90227423b33d47ef9423f48837f00501e6ff3104916bb759e8d93d4,f988a838731cf4338357c9d4419b7988991734a0a0eeb991a9f262e23efd1b94,0.0
96de8625ee5514a928d4ee3302e45f1959f40c895d692daa0d19d085a7e7213e,ca986a7a2d39a88403db2ef1ca17ee243331f570ceef079666facfb8dc0884c4,0.0
970912731d37778d16f4254272800450942596e7ca580e8e8638dd3f3da8a7a3,18a11c0fb7de5923c42f9fcf4cf2a19ecc195e876e5ae87e0b464d667a125e2e,0.0
9744d1e30d6d2ac5bfdff60f19c007a79dfb0356b080a8d4de349d2ce11566fd,2a313195905bf52361090d7430159531e1e6e3eadee7d846f95312c9a636df72,0.0
99586961d183faf1705bd8fc5133fefabd52a6568c5a4716b7041678bdb32774,791a3ce30c73e79c83d34ac21dbd1f6982d5a44311f848fbbb65c5fec38a8c2b,0.0
9ae95430704c92430d6f6352a3c5c165f63c9e6106ce31e99e2db78c23fcfa4f,4c3817b739458eec470926233c4e381532da48db937d1cdf6095f70b7da40e01,0.0
9b23829f5766db6e4ce54d79cfc4dff63ec7354dd027983b568ec4c74be8831d,97d67e26bee019de9caede0e5ddff4bb0172c435e7f78c00431c20cc1d90d9a4,0.0
9b4f037596f7a853b2ef278ca490399d5cc7914355d51bfc603cb46a0581c074,00dd7af00ecf78b4156887f92b7430fe3e08406211693ca9a69f213c8b071478,0.0
9b69bc70932d0a22535fe907676ca4f5232cd32b91f8ceb37a70718f5ebfe686,0a6d430bbe0006d2c655eaf5f3c454e7daac15b9d33725362b18c0965d03e342,0.0
9bcfe672792af2d3f659ca2273274326324e7b390bb8088ce5113e7e1e71f28d,e714780935d94fea8ee1913f98d97712af59fa83909f47380807b5f019acf601,0.0
9c7c9a04ae099a104cb45cd31efca906949a549648ee21ef90e101eda37076c7,6dc95dd38bc59c4817de7beb87beb84a311c0d842aeccdd3482082888746b399,0.0
9d45290a3c0e0650f66db3d21ff8ceecdaf1933947fdb2bede11ffac34178b93,d00b6ba6dd58380a463ae13f589c891fc598f3de73d7cdf2046d873510fc2156,0.0
9f3c3d32a9e47686f8873f23032ea118ee4e855a87ae04762745df4dc83c779c,357366c723aa984cfdfb4e3327b3b61067a6d81f74c841ae23fc80ba502f5f69,0.0
9f456117695dcd6cf9505cf45664c6093608899bfa7e05cde4cf149652b07d4b,c2e330b407a704a4c5aec47bbffb8a6438c1ab3875ea3f0f0a316e6f6d2fe28a,0.0
a0ee59bc0cef1bed93373be4cf7c2f6a94a4cdf9dfba2c5b1b014db6d27d62a7,ecf26ad19f1bda20c636ff0497bf78dcfe71ecca1b9bf34f6b83081ae1624b17,0.0
a33f9ab7e7767a17b6d30a23d3a9ea910ba4b12d30d12c77833bce1984594862,3588b299056b6a574c387838ba12c89570f9c1f430006e508e3f4de8b7ec1dd4,0.0
a475adebd0929254f1e609487884cc6cd970a16b87ad63fa1f6498b3a20ed1ee,9480497be18070b81efb5b60f55f8c74645068fc07495acea867c7d05523440d,0.0
a4dcc3f1a82b408d9c260a783ad5669a7fe86658d718a65bcab652fafa2a76de,1c6e8d5be8c748a346cef592518661b5c93e241f8eac5b0f5b08ef29c50f0960,0.0
a5c727eb8a6b48369004752d1e14447f7459ddd8ee873fd87a9e308f60e0751e,592bfd3e2a651c908a9ab6879d5b5e417d494154c7362031c828fc022d023dc4,0.0
a6b01e332c0bb17c17bafd4e1e8bc65f722fa90d66600f3e787d07f047fe40e0,684b1a4ecad272624b10d6152defd5df41a94fe6d5a11854627d99b27ce2775f,0.0
a7bc3d6063db07ce973cfcbc831781410d7e552d40c5fa324e19569cc6bd8512,285a9a1455191beaeb5c00c236c9eef4b77c9682f30191324ea15088b85dfc3e,0.0
a803557d2043440d6cc8e4c1ef3880b8ef4251d4d263e3f7aff7b9d869e7709e,940452cb2dcb9aee0e57f57fb422d342029d324d6f6ee4304c0469fabbcd29da,0.0
a872127c00c3fe9cd8fec2643cfe8b90893c8c66a185867ab960b9f9e57652c1,651899d0440a3e817ae1da42e84dc62f1f596157eba61bd5460c91c61c88de35,0.0
a8cc19eb10fd6ea9cde6250d0eaf1f7dcdd8afdf177e82d1a5f914b610ff723e,d50016b22fd81792e525a98af0b1e503120237e67c5fb3f15648d4eaf36b0d1c,0.0
a8f728150c789c9c65729b33a228b88f6392b49b0573dcfa92c2579a3181da55,e1849b0819c16ca4a27879c8be7769caf04df2176b665ed6d6960c589ca9c032,0.0
a90d8b5a6909a3b0def3f23f492ea3ddcbf1d4832198e78623a87cc40e812b44,5a487d0d48baaf6eecac95c53b93bef669b2ea66cec68f6c2a849e1d990c831e,0.0
a9e39d917fbccfeccbb52c22b4a505db4d5cc4aa67f4c6ad34141f6765827d92,7b7f7f5a238f80a48e45b441f4193b6dfbbf3bc10de77ec5e9ba49855664044f,0.0
ab298b464bd2fd2fd1846aed36565834cd49e04c02b9d16c9d23de075587cad0,89b95accebf7e75e8cd246414d291f62c63850c526e756dd8b892f3b1a2d3026,0.0
ac20e7fe836d7f853b66de8cb369dc5b23fea82dcdb55f1a018e8fae7762c77e,3fa0f0523cc71cb1520901f1621daf0acba2fdeb64912c18fe87d21c931bd762,0.0
ada1f4da004debcf34a0e2c04698915941dda9ef1114591652620d00c4643c5b,29cbde6855c51c4d4b6dc1b5cc1426c14cc22d10815f615dfde52c84afed2862,0.0
ada30c2904ee2e1fa10139e9fd7a1093d1a1cd889f8589d2b6e64326e8717d83,6d1f7fd599e24c58211b5441940db45b8f7ae7cf0344a27dd3fd463b8cfc9741,0.0
ae9263159417c412fdf05b13c1be6e53d6817470b4b4ee178711eb773d2a3e8c,fde440ccf04c838a7c8310c56cf687385f558feda6286dfae9e275e51794d5b0,0.0
aec22174d6c01217e7882e14ee82d20fb72722c53028dd7fab2eb725b8dcd043,a67a1f89c6191ca4719c06cb912566c5ac2b424fb800d8aad8828546946a0238,0.0
af91aae9c0a850307a58d87b9cedadae32a016bc7a8a3770eaffe8b19de40bf3,96be83bc99fcad3a00d7016252dcd5447ebd848ee3ad55ba3f0af08b037121c2,0.0
afd528ece0a51adb194e0e2425ff560084b5b53177053f74f45444ff78d90c91,c4b89b13fcd4d34b1e5cf667251b62224095fb2891bd6b16558ef89aa286a407,0.0
aff56a36268ce31e78c79e190d9050e67241b8ad1bae530a41dbc63046dc349c,a56145f4ee9bfa222be1a4d4c7a52a6bb2b18191b48a5e50dcbfee080ad0028a,0.0
b15b42e05afbaddeec4acee57c2e1a83e2c3917ff9169a9fcb5609e0eca998fc,b3b3d75a726a86a2b81a5381d7453dfe28c3326e8d9d67964cc1d2d75fca16d7,0.0
b1d37b631985a94aa79999f6b45ae52740b1b7eaca789c593612a9646540737a,9c749453a3fa4e7abf16317aa39ee42c781085ce972ce83f6be3b5d4947e896d,0.0
b20f5a775d210b16d35609b38dbacc292f12a4b64eccfa63b751b5c83b218bc5,efdde4173f069607997a382e3a1c07211208b7df7a146e48d21cbc295107df30,0.0
b2ec0b9e83fb1751bc90ab5e26f4b14774b2948119ea0657c90fc1ce26fed7e4,ce76a586cb6a0c99ece309e678bd10ebe03b719d229f9d090344a026182b8f5b,0.0
b3fc0ddcacba15db3424bc3989ef60d0de2a92e8894c336953ca604afa14cbae,1c8072bb89f644360ec967aa26baee5de02d7d345d0256c31b6448fc41aebce2,0.0
b54db0508465cc3e24fdc90c5936a63c075dca0652a0a2240ca673e28bd0a637,1380e30c69a3b604bd08423f951f889b0b8055975bc6d4e267f070968643a262,0.0
b5c60d00f9298e144995542957a3d0ba1a99533e95f6df09f676c1bd24fba158,6bc2bd54aba39ad8419d54b3ffd6b8ff6f6f39adab4bb7d1f78d06a1221efb96,0.0
b6f305dee06903575364487568999e365258f63bdb76b1da13e6aa523e62b2e3,528475c5e207cc341cc9dd7362b2b8cce0413d1e8d55bfdcc9f962146b32844e,0.0
b89abb4750323e5ad87e69c274dcb77c3240a56b8639f9fba9c379a5a8f6ef43,02865bdd7996c0d460af076ac35a8c27e4e831085a6afa331adfded51f4a4402,0.0
b9e3b51f0bd6967514867a18f3ee1a0f3018d5be5ccae4401265aca0de3f7e9b,a8f8cc2a096e7c17ad73a5f4919caf26862ac5f377503183bb292bd521dd9ae3,0.0
bb783d919666df2ee27986a5c9654eb7d26c7b2fff9c67c0d3c56db876b05717,6a8da40316686ddea721f6361d9cb41fbed2306283ce0ebc613379874ca7d3f3,0.0
bc8ded875f5877fcf602c4d6c57bb995d99e05c387518282bb84bab9c4d644f4,087038903677cb2cc9fac367789c850558c493709d6aeb24850b9d019dd0010c,0.0
bd4ab12c44c84979a6fdcdae8bdb677f4c6a98f9920fd3b8cee49affbcc0c127,ea92b0057058234a179364dc4ceca59ddac5b996ac924dd064b364ade66b5f48,0.0
bd90d58d275ef6eab9d91619f5893ce51a4e677f922e3ba48d6e7d9814a1f8f3,10c178a9be7a7c5743589e92b461234b61a72861257fc2f8bfcbb27fc5d97151,0.0
bdc1f91269c00fb12165a662672919287d1e90277ed33d097bdfff99d9216f47,58f825e3b0396109a67be7b42f16e62e1a75ad30262257734db833bfcbc2e0de,0.0
be6ef85b65b94e8f8000084dd46dce65b167f9e2461a296045c593ca24354207,343fff51890e8e1fce3a0b8eb96a3eb6fa17f721b770d5c4b0881ce669a03151,0.0
c1541d4b1c24207427df967dcba63acda210add42742ed70093747cae053098e,bcc5a924f7b47d9a376808d3f02262f7f1db4b0a7ea0bf55080a63d810daeaa6,0.0
c1c877d2e6d0470d25fa986f15964517a039b6abed68245efa53184eb62f80d8,381470a76ae5a726676ba986da846f525d7a2df55343472bfea8cdc9b4e4a020,0.0
c295c7499cdcf5478902aaf1761d45099f0b875f3bfec783dcad0939b81ced83,d22a82bd79949de92ba1b3a91286872d0cdf5c1ca08ab8ece3fca1d5defc639c,0.0
c2fccdc542c41632b93edafb62476b2b126634b9522572e03a745fb6ed4ddc72,cf08a7c492f18bf07a0379f6398b9558e0a8cf969f639a384358d43f647d62c5,0.0
c451b4703d6650f598aad6701a77beea39696d2fcf0729faf2b01ee0a3899e89,3d33dc47c7bb54fb8e17e922ee4232b8d4357586bb0b259ad04370a200a2f1da,0.0
c641701bb88d328ebc9bf518b7f06f119c123e535ee29fbecc045e0ad6b8094f,3e1808b982575400614509d0626b43393ae22d9180fa7a96689c142254ebde7f,0.0
ca2f8374bb36275ec4d37a2ab4530d0c07d0b53be091b03a38752ffc5f04451a,4f55611132e366fbb51e0c45b3f6d457bb15131253bd0ad811fc5db8643071b2,0.0
cae4db9e753da108bbaa345eb4ba1913b9e2df85b258839909343b569519996d,332750e390122d31e2004e0a1180453f0cc55ae76a385e7d675ec728359214d0,0.0
cc1b168565de09217481c15d3db4f2e682a34e2c5a45f6c1d88c84ede754054e,aa1a5e7b259f94240428622c25069d4c8ca78c6d7b9d2e7fc890011ec675265b,0.0
ce2d3281ab030085328fb380e0a349cb3603d4c56c688d053712eb5103ca9d95,19187555785f8185b5711e78151d6279aeb260450f5ba6aee519840f33b4aba8,0.0
ce9ca4dd4759aee2bb6c335bea587122b5ade9dcd2d2bf5c9f752befbb12c856,d2524bf128b0b3ca4015a9224eea9d855037822e132a85a83ec7d0f57ee83757,0.0
cedcbde90626fc425e4755757a4b9b60e68d298aca861bda43a22904d60b4cc1,f63ef438a9ed143ee9f4b8428ada6e80d6c5c1f0052b5bb9e5b80b81213b90e4,0.0
cfdac699756f1aabff8ac43cf0ca2c18c4fb0cf746487e0acf2ad3ede806fcb7,f9eef924d80f122d36c3a60c438b48fffeddee85963ede1b620a589635d3788d,0.0
d135f1876405a8e82e6b90c55c70bfd27178df289d1b20972cf413469515f50e,d8ae06915cdae7abb6c8652ff15efe651a4e37220c069cad564d0e33f043db77,0.0
d235df84be0841768455aa8198410f87d32f89db0d259bfa27aa57f83e5c98ca,3fe52d1d748d4b38c55da626b343b9202423675c7330e40d6dc12f3861f4a577,0.0
d2a37731229b924e3cf547a4cb5fe5e7f4ae5d6f8efca7abf28c562bca775adb,4cf4ff515bb16fcfcaf8f388438bf3817ff76ca1d456302e318e4e503e7fcf8a,0.0
d2cbdfba437df69e8838811150819652c00a012c6e075b98390a6a4721b49850,e04a542f70917c43807d5963c71ca0124c1a1aef56e95b852901b2fe0125bd84,0.0
d2da273764fd2a1a3725cba70978368753834954cae60de543ab33fc8cae991e,166dcede827123651bcf9ac8b1c01f8df41b821e335fe1bcb54cb132c1c461b0,0.0
d34cf702b52e8a82b1918a6b71fb589f6ab5e1043ffca51cab05334469cd2d41,ca9815e0a9698a220e94d4965cb56f182f61d0454121627928d175270a8b2212,0.0
d3de1880961b2a0bc3979cc85855366bbe80264b0116db8241727363922efd95,50f7c53d8692424fbe603c78b4e61c19276a7823df7a85f1767762054213dec7,0.0
d436ed9c2ecf90920b3051a6e851bda5ca1dae03ea89141c2e8114e550d43162,be3a0e3804e7a70f72294a5d48918fdf6c2e1466b3556293da69e24c77c9434f,0.0
d4f0955fe607c5e36c0d2abdb82441bbd540083d6d39bd43bc79912d9d89f290,71ae7ecdee8ac3ae4a4ce97867013cde5dfc8fad41af4fa4df0524d5e9093287,0.0
d53950cbdff6368e91a5ecff837c973d5b00f4caa42cd7fca9d2436e2662896b,a19c1f24ab1d9040c7d4d0a2ea8d04ec642b99b7f77b01e7304552dc93761a95,0.0
d5958e43307412f4ebf9089aaa1d31355a96ce81d093f1fe4c3417c02756c2fd,d25375d105a4dd1a0cb7d865e3ba8eeb11c606cb5bb0ce2bc932ccbb8b1b1fe9,0.0
d6d15de0419396bc12429b1b51eab94809e9fbb8b58a68cc9a763264383213b9,e4e4faf3513feee7ba189b665a139530c4f6c87d227b5a64656297b10b7cb940,0.0
d6df5d094a9c61f7ae28440c9ccf6cd73de0edd0ec0ad4533782a7f334036d1b,527a7dd89061b0071710f7d400ee7d82e28f4f549ab731e8bb59ab32b6a81882,0.0
d75b7ca8a8eb5cbfe9e10c40b62caa57187af7815ff4604d94ef17e88abc3a13,c477eba0bf93de7f972882d016759e2c589c2e22efcdbe54caa320c0a116a40c,0.0
d7abf3255e7aaa0b4ff20bc47b7d2897a3e7db74ebf3c1770c522415de2f4b22,a4f29e6f17404faf903e739fe10408478f96144b2ebf0bc3d248f29c2101b78c,0.0
d7afd14fe5eca08502ea6761a401e290cf2dec679ee183c550e3bfe95f9d9627,7ff8ff2281df6d8355ea739c484b42ca5c839740818ded2d2e1a49c216ecad25,0.0
d80ca27d261ecef3c95e876c63524e8b581665e4436ea79555255f5587de0cbc,1a73547ee1d37d33fd83cdca0f052f684991403a244fffd236a6ab86d744d215,0.0
d97e9fe9a34ccf603c6839f3ce582cc8e3dad032136fda709c0e072b51de0594,3704f3db6f30653b06d8b71e86bcdd27ba44fb9bf8b969b3e122420e6cf3ede5,0.0
db15e75c2e43115357421b2b8467408ecd0c68bd08a38b453c6771b9bf93e6dd,9643655153345deb359b77352d79e80f3384d2aa988a602d622386d8fccd0017,0.0
db296a750e342fbdfd90d2eae44c6aebeaa255af97f71cb5080d28e1330400bd,d82bce9f165bce9cd6bc46586eba8716052ac92673cf4d0bbdb656dbd16914f8,0.0
db623807cbe9bb918394ba149a168482b2c77577482e2b50739d7d815401828f,86215a9b7ff088db9b68be52676b38634c044aa2909bf8f88b5e4c3cd44bddfb,0.0
db7cb0d8627e2e5e3ebff6b0dfd5754bdc2a5497b3d184dcd4d10d00a68a7626,168fafe5377b1419e7bf824ebb87173ba402fb62bf4b9be28dd15312c4dfd0d6,0.0
dba9a8fee9c27a4bbfb4cb73b1d32a56ce3cc288b2731a195d16558fb144d99f,1a367ddc1038e3d7e5798343201e6c6f6c6c3339d5804594df8bc3f342f1607e,0.0
dbb63521306f20efc14f3d3aa30c4596ac3b09600bfafdbfb4bcc7c97d21d64a,19e6513f1f9c9a669eab68887ee7490bfb5ee87bc36f4f99eaf0dfd3ea8760a2,0.0
dcbdd9041515d925084c2e73f394497c9d5e466c8dcdf0dae91acdee0b53dfe5,5e1bcd6c874d4169d4cda761ed3038bd0c710da2252ed2c25ed3fcc338e3ac12,0.0
dcd97557a9f940623d64dd071934481d9737f72a1b65a1f627f22f5e7698702c,adadefb01d608d952ede5dd773f7ec8e77eb6be8e19ca88c198168015c3ddb86,0.0
dce59f0c961976afed098122fda9f0a2c04a1a86dc0d9b8453887107e611b468,b3ea202f0af5da6c3e7517e81acca8b2dcd6903d7fa9bf361a78c8ea0eadd61d,0.0
de6b3887e419557e6e4a263566a14421859ad0f38dbc58ffa43d71ec498bccfe,28cd9f00f1cb4c56c1904037cab92e89c11f93df6c41aadbeea8167cc6eda790,0.0
e16b020af80a2ecca0ede907351c370a6e8ef7da7af150d425e8de0e9a020e27,eff3b8dfa718573992681752b474f91d5486394108b8d60c26c80651786a7031,0.0
e1a6d2ab21c0c327d512c9d784a63a0d82e9ae68675e92763622433215569ca4,4fefc0ee59d7ca7c5d9b744d0d31beeabf1cfa1dc1e9eea1a4e1efec81b97deb,0.0
e1efffb8973711d420db18a538d805623921bd6950113e14efc3624e25481ee3,17b710c7426ffcef6730edc66ffb237c786f38f863e3a8dfadfc5d184f4844ac,0.0
e214afeb8306dbacee3b90fe1dbbfbe417dfde2b8ec2cd9b77d774accc5e6ca5,347d635e8e2ec275d6a08311140ead87ba6a20e27b81054f54dad8bb7d09dff3,0.0
e336f14b9e2247dcd2b4424162059d064678053dabf66e2ea41b20f103f929a7,0f60c34bbef33e5a87790c5de132b7ca8206caac1e52d12319e04fff11addd96,0.0
e3e94a2506d690a31b3d51982b24fc58a168ad864ce40990a4c5a17fd6cd33f3,f988a838731cf4338357c9d4419b7988991734a0a0eeb991a9f262e23efd1b94,0.0
e3fd02f2e9913ac9a8e6c5812342ca3e091d120cd213f9c5f7de64999238b88c,d704056f07723d549a16b4eab8cd77095dfcbf7cb8681d9843ac88bf6b604a5e,0.0
e45d7cb5b0bd9cd3cd605f8b17a001a1f1cc547cba5ebca30c5043fa8af81054,68332b92bfcd058b0fa87325067f18346d7e5ef446afaf8a0b8632a4a5a34cb3,0.0
e488d828552be9d99752028cb0d94c2de4f2e5090cbb73e20bb60db4e1540ef2,c6f40ae7a8a3ff88a8aad95d439991914d361fe7abd97974748ca876c9961e00,0.0
e4aa25fecebef5d4190d86da6c169687b88b5bbf4e4dfcf5aa2b3a1238b639bd,b4177aa4ddf831a2008ab03584d6e94e8e2d23839be53e15b57a5fc5624cc67f,0.0
e523415119e03437262348dc811106befac123cdb0a36dc92fd82285f863dbe4,571b9a25548671c59a1dc9e98a1b83941c99a03d26d14246c05bb644ac62fda8,0.0
e5999a835e315201fb2d890d96b354a07054fd95a2cb094eb43486193d7cc8e2,d40aa65f90da354be1bc76c6cf6353283a0b6a391d5bbd65b7fb5cccc112327f,0.0
e5b002f793cf135ef7f8086b1f71c8fab9d92c436c2442ef2568618a169d062d,c4c8c63ca2a2b55d674114df8f2b672aa2eea167da4f40fb42a36acff5191a17,0.0
e5cfca19db8a540d62040966991d722493f212d0f9acc283aa15c46d1dc3df97,45c7739dd7dd059dac00ed5d3d9cd1317203af68d8740c50c3e691f03666e8ad,0.0
e957eeaba413ee90ea3ceb9b2d5fc151e8ebc98bb3db28b22ab154d37267f39a,a51b07f975e10dbcd251aa055da943de37f5245328af63b8735da7164f46c9b3,0.0
ea1d99c4f0fd77eb1d93987df0f9a5ee3ed3a0b263afff17b3ac67473326db58,697e2ab10afe284f86f5b9877aa3fb0fece2ace76d02df79000813040e5a5122,0.0
eba866ed3d6d0700e1fd12db4395848bef4a699f75233be6dd80a777ff3a6477,9df2da54845ff12f66525cc7ac04028d6a89bbdd1033abc046f8c54ae39b0f7a,0.0
ebbe0f53eedcd4e41372297de11a7604b54e21d0698e42b7bfc4212fd20d8cb8,82230557f9dd0092c1d3f08c4634d972ba9aba1373234a96c285e40697a9d2fb,0.0
ebfdd3cc1121a4c7dda04c243d03641e1c74f2778a4a17342c12b039dd00185a,051a4c28ab61e34ae2ff7d02bdfb23dcc5378959c0b6508a8e77f679696b9fea,0.0
ee85c4ce64d20917bdd8434df904726a684d91647a683f377e506237aeddde8a,5c262a7318bea83542e555d043a3fe26eb2203f60a569721ff50b757ffda2f7e,0.0
eecb30f17696e18abaefe9c9b2045904f6422a7f881ae6cecedd76a627bcb49b,a98d0f01cd8d5e37e0d76e658e6b5b1fa02932bb40874c358dd2802f37b081bc,0.0
eef2efa315ea5486623fed9ff8cc310c7d9db0b6871f67883b868bd837261428,d42f85b434447e7bd8aa99cc5c6c9991b4794708692625e12191a1bc49fd8bb0,0.0
f058f4b6f258448a85d0b1dd0ed92790acc1dcfd9e58173218e2172d900fcb33,bbe42716227921f9f9bbf5ad124893660500cac7bc2ac53e56a96c7f26b08c45,0.0
f12f8881f80f42e14bc62a6bf26ead6498d070461ee5ae40211952a5e81ca3aa,9d8c6c5b274fb4f6ef95850bb8c5be39220e644281fb305f60ef98129d5a6f30,0.0
f25cdca3c6b76db033494b132e36fd6ee6d654402fdc38d58b7692a3d7ea476b,0c615fcd26522608a815e2a90b29b181676f344e9c0cefa68e218fab420482ee,0.0
f262103d4c7f8f96ccfdb618d888ccd74115d04967ba38b7b2b51e1ad3df3357,c42faec36cd8266bc620721f7562598d33891771424d03c9bc8a72e4ec53a2f9,0.0
f28c9c9effd9382ad29cec9297282e30008232d93d3004578e72141f12d30bb8,57aade8b6a7fb5efa36aa76b672a072642c080f46bf2cae061df66a3c1b21dee,0.0
f33330493b7818625cae22b1ef61da118c214773f1af978814ed11c556ce62b1,f8849e3de961602b1d711f0bab5b1b03a8ea3b2169912e7f7d18af46eb420350,0.0
f49649e64dc314a2c57f3a22c85c7d4eb0130e41409237a7f7a55864c7d463d3,3cff49eaa5663b65dad717acaca48e1399a09e315613824ece5fc999d927710e,0.0
f4c8d74f06e84c72bf228fc82f7fa4b6693f9dc519711128d4f18e29c6153f54,cad4e2204705b971b9e7154e9d780e58f4e257d2954af633469bb1344148955b,0.0
f5236b625a5eab7f239fc9f9aa1a078282e3edf9e70d262fc40cf8a144da1b11,148847d6a155d75e647734e2f4b8d939f53c1a500b6c4e84288446fa99946666,0.0
f76f69a275b6f684674cec04743f3b02aebd54167ae2608e96bf1ce8c46bc53d,a4b13fcee44fe16386b2eceaf8f2540817bf68dadea90fa18d1a9389b21f8220,0.0
f77227fac28097ddca3a6c1b8ad680fa10561b13a465a8119d3382028b03bc69,79dda4a2a40f8a1d61b3031efe964396919ec9cdcd09887f2922682ea0128d4e,0.0
f913ca9a37dac041a640505fad1ce8033f322ced4a3e104be6c428e588f2c4c4,9468b082bef9f08836ad3fbdc2563489505d454bd019b1d9215402aa3cc74602,0.0
f9d895e2e84be979448268ac140eb9b9ee8b2768e9f95e991b788b9be013b009,1c0eae1783ec9fd93ccbe59d2f01003a235a8f81aa1f1fe02cc5904aa051ea97,0.0
fb08610970134201a59fc98c244614f5257640f522803c46be23ef83ab45cd11,ffa93d5bfe65014080995528c21fc03ab74254542911b9c184b29a34afbe9eb6,0.0
fbf778b1061bccad5a6bfffd303ea4922c4f4c170d1c74b057e13d734b5fdc3d,d1c28bd255c931201a0be5586c0d200f476d3743524080450324ad510b6eb6fc,0.0
fc1d33bb6a1903d305f3e65f83c71d58d8e0133c67171faba52a4991baadfdd5,0defd1327aef68bb0102488ac2f8a9650deef34f4dcfa15486b6a8b8fdaa4d68,0.0
ff6bc863a99b31eadac746d3cf12dd21d2ef3ffb70c46dc7bcc09b288b01d6d1,8ba787193aa5dd5812ebfb97c9d1a1e3db9869bba5432c5dce744fb87b62abd8,0.0
